20.00,107.00,25.00,176.00
20.00,93.00,25.00,192.00
27.00,97.00,28.00,191.00
22.00,82.00,26.00,171.00
25.00,84.00,21.00,200.00
25.00,82.00,24.00,195.00
22.00,102.00,24.00,166.00
24.00,96.00,25.00,151.00
24.00,103.00,20.00,169.00
23.00,108.00,27.00,164.00
20.00,80.00,21.00,148.00
23.00,99.00,26.00,163.00
23.00,100.00,28.00,175.00
27.00,107.00,25.00,144.00
25.00,112.00,20.00,193.00
23.00,106.00,21.00,142.00
20.00,111.00,22.00,192.00
21.00,85.00,20.00,164.00
25.00,89.00,19.00,201.00
21.00,108.00,20.00,191.00
23.00,102.00,24.00,166.00
27.00,95.00,28.00,157.00
22.00,91.00,31.00,147.00
24.00,109.00,22.00,150.00
22.00,91.00,25.00,189.00
25.00,100.00,24.00,154.00
20.00,82.00,23.00,197.00
25.00,95.00,19.00,156.00
27.00,105.00,27.00,150.00
26.00,111.00,28.00,197.00
23.00,97.00,26.00,170.00
27.00,84.00,20.00,171.00
27.00,105.00,20.00,166.00
28.00,102.00,26.00,164.00
27.00,90.00,26.00,168.00
21.00,106.00,31.00,142.00
20.00,108.00,26.00,144.00
20.00,102.00,19.00,149.00
21.00,109.00,31.00,191.00
27.00,88.00,25.00,195.00
